source_id,region,archetype,source_type,title,url,retrieved_at,evidence_strength,limitations
S01,Europe,B2B SaaS,empirical research,"Sell First Market Later","https://www.hec.edu/en/dare/brands-behaviors/sell-first-market-later-go-market-sequence-every-b2b-startup-needs",2026-07-05,strong,"B2B high-tech only"
S02,Europe,B2B SaaS,founder interview,"Personio co-founder Hanno Renner interview","https://www.youtube.com/watch?v=58ZG9aNtiHQ",2026-07-05,medium,"Retrospective survivor account"
S03,Europe,B2B SaaS/fintech,operator interviews,"Qonto and Red Points growth interviews","https://sifted.eu/articles/b2b-saas-tips",2026-07-05,medium,"2020 operating context"
S04,Europe,B2C SaaS,founder interview,"Blinkist CEO on B2C SaaS growth","https://chartmogul.com/blog/saas-open-mic-holger-blinkist/",2026-07-05,medium,"Older and limited tactical detail"
S05,Europe,SaaS,founder interview,"Typeform founder interview","https://www.eu-startups.com/2017/12/making-online-forms-intuitive-and-fun-interview-with-typeform-co-founder-joint-ceo-david-okuniev/",2026-07-05,medium,"Typeform spans B2B and B2C use"
S06,Europe,Travel service/marketplace,founder recap,"GetYourGuide founder story","https://thedelta.io/blog/from-five-bookings-to-a-billion-euro-business-the-getyourguide-story",2026-07-05,medium,"Secondary recap of founder event"
S07,Europe,Travel service/marketplace,founder interview,"GetYourGuide growth and partnerships","https://sifted.eu/articles/getyourguide-softbank-investment-travel-tech-global-expansion-founder-interview",2026-07-05,medium,"Later growth-stage context"
S08,Europe,Travel service/marketplace,founder interview,"GetYourGuide CEO interview","https://www.youtube.com/watch?v=hJgAAI0KyfE",2026-07-05,medium,"Later-stage transfer requires caution"
S09,Europe,Expat services/community,founder interview,"InterNations founder interview","https://www.eu-startups.com/2018/05/making-life-easier-for-expats-interview-with-malte-zeeck-ceo-and-co-founder-of-internations/",2026-07-05,medium,"Community model differs from concierge services"
S10,Europe,B2C fintech,founder interview,"Revolut CEO interview","https://www.cnbc.com/2019/07/05/revolut-ceo-nikolay-storonsky-on-the-fintech-unicorns-journey.html",2026-07-05,medium,"Older regulatory context"
S11,Europe,B2C fintech,secondary reporting,"N26 Revolut and Monzo founders","https://techcrunch.com/2017/10/03/n26-revolut-and-monzo-founders-to-talk-about-starting-a-bank-from-scratch-at-techcrunch-disrupt-berlin/",2026-07-05,weak,"Historical event preview"
S12,Europe,Fintech/insurtech,regulator,"EIOPA innovation facilitators","https://www.eiopa.europa.eu/about/governance-structure/joint-committee/innovation-facilitators-eu_en",2026-07-05,strong,"Regulatory context not GTM performance"
S13,US,Cross-archetype,operator guidance,"YC How to Launch an MVP","https://www.youtube.com/watch?v=Z_ZzQmmSN5Y",2026-07-05,medium,"Guidance examples are not benchmarks"
S14,US,Cross-archetype,founder guidance,"YC Do Things That Don't Scale","https://www.ycombinator.com/library/96-do-things-that-don-t-scale",2026-07-05,medium,"Selection bias"
S15,US,Cross-archetype,operator guidance,"YC The Real Product-Market Fit","https://www.ycombinator.com/library/5z-the-real-product-market-fit",2026-07-05,medium,"Deliberately high PMF threshold"
S16,US/Europe,B2B/B2C,operator interview,"First Round Growth Levers","https://review.firstround.com/podcast/how-to-find-and-pull-startup-growth-levers-matt-lerner-founder-and-ceo-at-systm-author-of-growth-levers/",2026-07-05,medium,"Some outcome claims self-reported"
S17,US,B2B SaaS,operator interview,"First Round founder sales playbooks","https://review.firstround.com/podcast/never-done-sales-before-meka-asonye-shares-gtm-playbooks-from-stripe-mixpanel-and-backing-founders-at-first-round/",2026-07-05,medium,"Podcast guidance"
S18,China,B2C community-commerce,founder profile,"Xiaohongshu founder story","https://english.ckgsb.edu.cn/story/founder-of-chinas-largest-community-e-commerce-platform-xiaohongshu/",2026-07-05,medium,"Celebratory retrospective profile"
S19,China,B2C platform,secondary analysis,"Xiaohongshu commerce evolution","https://www.thinkchina.sg/economy/xiaohongshus-push-make-users-spend-its-platform",2026-07-05,weak,"Platform case not universal GTM proof"
S20,Global,SaaS,anonymous forum,"Reddit SaaS 0 to 100 customers","https://www.reddit.com/r/SaaS/comments/11mb16u/0_100_paying_customers/",2026-07-05,weak,"Anonymous anecdote and discovery lead only"
